MSTAR,A,PER
0.51,0.0344721,3.27346074
0.95,0.13760999999999998,19.12947337
0.96,0.091351,10.290994
1.12,0.185149,27.495606
1.13,0.0912977,9.478522
1.3,0.06276509999999999,5.03728015
1.31,0.036769300000000005,2.243752
1.23,0.0825598,7.812512400000001
0.89,0.07454730000000001,7.87288
0.3,0.07836239999999997,14.628
1.21,0.170989,23.477410100000004
0.99,0.48075,122.363553
0.912,0.0453704,3.6961219
0.92,0.039948800000000007,3.039577
1.33,1.6486900000000002,670.0
1.0,0.101981,11.89520511
0.73,0.13139,20.35972599
0.65,0.0161327,0.9283105
1.01,0.143629,19.78297415
1.24,0.0515012,3.8334999
1.25,0.0609811,4.9195838
0.95,0.5527,153.979578
0.866,0.0181491,0.959641
0.98,0.0675681,6.48021673
0.88,0.0994208,12.2057513
0.961,0.106909,13.0241
1.11,0.15931800000000002,22.0459018
1.03,0.0458416,3.53232449
0.53,0.231978,56.0560538
0.9,0.4946680000000001,133.71001
1.01,0.0521087,4.322482
0.478,0.0574114,7.267302000000001
0.933,0.119192,15.56
0.92,0.146649,21.38521506
0.72,0.017386000000000002,0.98678706
1.06,0.032016300000000004,2.03232507
0.65,0.0337283,2.80624233
1.0,0.121444,15.458056699999998
1.08,0.0366405,2.46502
0.575,0.353207,101.11141
0.0,0.0,13.61159129
0.97,0.19095,30.9446
0.6,0.0282874,2.24338185
1.08,0.0435026,3.18897601
0.86,0.106621,13.71220213
0.94,0.07713939999999997,8.07124073
1.0,0.0473714,3.764825
0.478,0.0860831,13.342996
0.24,0.0330793,4.48558383
1.0,0.0461455,3.6191634
1.18,4.92406,3668.0
0.84,0.103279,13.22713379
1.06,0.0726189,6.9424334000000005
0.76,0.0483728,4.45743164
0.88,0.230006,42.9495649
1.19,0.399998,84.703921
1.9,1.08598,299.36
1.22,0.0556094,4.33642933
1.0,0.0445351,3.43276598
0.94,0.0573666,5.1762429
0.84,0.0140554,0.66407381
1.57,1.64347,613.8
0.87,0.223617,41.40831347
0.927,0.238855,44.236
0.85,0.687282,225.7
0.82,0.68156,226.93
0.98,0.436075,106.247547
1.49,0.125617,13.32196237
1.02,0.118258,14.70748976
0.92,0.0482066,4.03046804
0.9,0.0323373,2.2359835
1.048,1.50087,653.21997
1.35,0.25272,39.93767
0.9,0.0907551,10.52629406
0.772,0.0499846,4.6455
0.86,0.165053,26.41045478
0.95,0.05687390000000001,5.08274652
0.84,0.0208123,1.19655156
0.98,0.059158,5.30880656
0.54,0.0130732,0.7429600000000001
1.22,0.019868200000000003,0.925542
1.05,0.0131638,0.53835431
1.06,0.0608315,5.3220230000000015
0.9,0.0349411,2.51462432
0.54,1.13179,598.3
0.94,0.4391850000000001,109.6471842
0.75,0.0832577,10.13202575
1.09,1.98227,974.0
1.13,0.0746694,7.01075434
1.34,3.6002,2146.0503
0.69,0.0552794,5.714932
0.78,0.13168,19.76172042
0.55,0.07889,10.912934300000002
0.62,0.202122,42.15164179999999
1.3,0.127324,14.5539759
0.93,0.016315200000000002,0.78884
1.09,0.022851,1.20846503
0.65,0.0902469,12.282356
1.3,0.0417621,2.7325321
0.68,0.06663469999999999,7.6188
1.145,2.36847,1244.0
1.06,0.181834,27.5073799
1.14,0.154158,20.7056504
1.09,0.152944,20.925392
0.89,0.157968,24.3078946
0.0,0.0,6.47027579
0.77,0.0481157,4.393147
0.77,0.0576393,5.75999
0.98,0.107432,12.99207337
2.41,4.9058,2556.5
1.17,1.1387200000000002,410.1
1.62,0.195757,24.85462415
1.02,0.316103,64.2737752
1.6,0.158693,18.249
0.83,1.66108,857.5
1.085,1.0238200000000002,363.2
0.95,0.0184414,0.93846683
1.02,2.3791,1319.0
0.77,0.13438599999999998,20.50586978
1.01,0.270431,51.1110243
0.91,0.0980725,11.759
0.84,0.119888,16.54297375
0.97,0.252883,47.1611696
1.13,0.595162,157.54
1.05,0.101644,11.55102504
0.85,0.048077,4.17625551
1.538,0.0948432,8.600153599999999
1.22,0.0201401,0.9414529
1.7480000000000002,4.6069,2730.0
1.05,0.0854177,8.886593
1.22,0.235594,37.8144514
0.8,0.0949095,11.94014029
0.97,0.0575745,5.12330347
0.49,0.0143082,0.89304124
0.89,2.19849,1260.0
1.072,1.30958,528.40002
0.257,0.0214313,2.260455
1.03,0.0291497,1.79111021
1.0,0.06702960000000001,6.33855761
0.82,0.0317279,2.27952666
0.75,0.0786582,9.30412078
1.068,4.75375,3658.0
0.94,0.0421448,3.2588321
0.86,0.775866,268.94
1.31,1.48605,577.9
1.1,0.114456,13.485
0.8,0.115768,16.08524954
1.11,2.07477,1035.7
1.002,3.18072,2068.0
1.308,0.0549707,4.1137912000000005
0.895,0.0167573,0.8374950000000001
1.0,0.07631289999999999,7.69993485
1.02,0.423716,99.747622
0.86,0.196353,34.2685705
0.98,1.41961,623.8
1.12,0.246993,42.3633
1.01,0.161485,23.58447697
0.97,0.11018,13.563097199999998
0.8,0.0738763,8.199796000000001
0.9,0.0184246,0.96286738
1.01,0.0715732,6.957999999999998
1.12,0.0328337,2.05333679
0.98,0.0902152,9.99761851
0.94,0.0340815,2.37030743
1.02,0.0600955,5.32786292
0.92,0.103131,12.61190667
1.16,0.0480157,3.56809693
0.74,0.0800702,9.62
1.232,1.04292,350.3
0.361,0.06525689999999999,10.13389
0.955,0.0316765,2.1061607
0.87,0.418342,105.9564148
0.79,0.0384536,3.0927616
1.16,0.12933499999999998,15.7738221
0.69,4.43476,4100.0
1.19,0.049935400000000005,3.735433
0.857,0.0882385,10.338523
0.91,0.216804,38.6519976
1.36,1.08217,352.2
1.3,1.80892,778.1
1.05,0.0374071,2.57885507
0.94,0.06325080000000001,5.99273738
0.7,0.4366310000000001,125.94
1.16,2.29553,1178.4
0.64,0.0747146,9.32414
1.01,0.0436419,3.3118644
1.126,0.0946483,10.02165
1.14,0.0375112,2.484193
1.18,0.06503450000000001,5.57654784
0.853,1.1598700000000002,493.7
0.31,0.028459,3.14945
0.97,0.7878430000000001,259.33683
0.91,0.042743300000000005,3.38353807
0.98,0.0509367,4.24153639
1.04,0.08000560000000001,8.10501635
1.39,0.370106,69.7546
1.24,1.19471,428.1
0.35,0.0386657,4.6938
1.0,0.8704780000000001,296.637865
0.83,0.0430059,3.57554956
0.8320000000000001,0.113438,15.299
0.83,0.0942979,11.6092567
1.26,0.0528415,3.9516205
0.995,2.85281,1749.83
0.76,0.0320135,2.39984
0.55,0.0436851,4.496860400000001
1.106,0.0485382,3.7130203
0.87,0.109579,14.20443009
1.05,0.102102,11.62905828
0.92,0.035902,2.5904434
1.1,0.0860862,8.79617863
0.954,0.0386362,2.838971
1.07,0.221683,36.855
0.929,0.0379273,2.79736
0.9,0.195344,33.2406882
0.98,0.146743,20.74028413
0.86,0.361924,85.7565495
0.97,0.0403268,3.00265
0.84,0.0284953,1.91694425
0.89,1.13739,469.63111
1.25,0.0351719,2.15491
0.73,0.0837217,10.35584657
1.092,0.089107,9.289715
0.96,1.9372,1001.7
1.6,2.099,875.5
0.75,0.0581375,5.91213
0.99,0.0521389,4.37034536
1.16,0.034262699999999986,2.150008
0.4,0.125354,25.63058
1.38,1.38575,507.0
1.41,0.0477112,3.1915426
0.96,0.0914589,10.3108245
0.85,0.103659,13.2217576
0.998,2.10235,1114.0
1.03,0.059090599999999986,5.16950177
1.06,0.0539414,4.44448017
1.09,0.6411899999999999,179.612
1.22,0.0406211,2.70730672
1.056,0.0466748,3.583893
0.77,0.376527,96.16987
1.71,0.682908,157.57
1.07,0.6893819999999999,201.99
1.02,0.0363001,2.49979
1.0,0.111348,13.5708
0.75,0.0502736,4.754
0.8,0.182381,31.80634
2.5,2.80589,1084.5
0.87,0.161025,25.30292332
0.93,0.104299,12.75759
1.065,1.06061,386.29999
0.78,0.274559,59.4970952
0.77,0.0282249,1.97376093
0.99,0.406991,95.2738
0.78,1.72685,937.70001
0.9,0.249018,47.84
0.94,0.123396,16.32976218
0.71,0.0863273,10.99469878
1.34,1.80264,763.0
0.601,0.0769351,10.05403
0.63,0.0794059,10.29672521
1.18,0.116229,13.32351601
1.0,0.0417858,3.1186009
0.927,1.48938,689.0
1.2,0.996347,331.60059
1.09,0.12770399999999998,15.9654
1.02,0.115827,14.256322699999998
0.57,0.127733,22.08557563
0.96,0.0762521,7.84931739
0.91,0.451946,116.331901
1.275,0.0477869,3.37796
1.518,0.0359649,2.0219596
0.52,0.0409318,4.19449651
1.21,0.07967260000000001,7.46725407
0.72,0.0149794,0.78916165
1.734,0.629412,138.506
0.8029999999999999,0.212021,39.792187
0.96,0.0774029,8.02768059
1.29,2.03386,931.0
0.7559999999999999,0.08094370000000001,9.6737
0.82,0.228998,44.2008
1.52,0.0534741,3.6623817
0.8,0.116773,16.295090300000002
0.98,0.667299,201.1214
0.94,0.0389169,2.89223021
0.614,0.0188775,1.2089802
1.04,0.151991,21.2227
0.73,0.177758,32.03
0.99,0.534239,143.343
1.16,0.034023000000000005,2.12823928
0.85,0.129482,18.45847097
0.95,0.054045400000000014,4.70832654
0.87,0.0288756,1.9214374
0.55,0.28865100000000005,76.378033
1.32,0.263015,42.882
0.96,0.34680900000000003,76.13602028
0.58,0.0522506,5.72812599
0.7,0.476549,143.58
0.7,0.113697,16.73652231
1.23,1.26054,466.0
0.75,0.0159542,0.84990789
0.85,0.060839099999999986,5.94504102
0.82,0.0457701,3.94963138
0.99,0.019308900000000004,0.98494017
0.08900000000000001,0.0157578,2.42180746
1.03,0.059804099999999985,5.26341577
1.0,0.0628192,5.748145
1.48,0.902604,256.78
1.0,0.226767,39.4419839
0.79,0.471386,132.9968322
0.86,0.157366,24.58721573
0.961,1.20425,492.3
1.02,0.228745,39.475
1.121,4.29488,3066.0
0.8809999999999999,0.0547344,4.9816877
0.96,0.047981,3.91795101
1.21,0.143843,18.11472949
0.88,0.053202699999999985,4.7780000000000005
0.79,0.045182,3.9466141
0.8,1.18358,525.8
1.18,1.36191,533.0
1.418,0.0425775,2.6940470000000003
1.06,0.121485,15.0217983
0.13,0.00585017,0.45328509
0.77,0.117442,16.75255007
0.871,0.0271372,1.74748753
0.99,1.02341,379.0
1.93,2.5395,1058.8
0.79,0.17214000000000002,29.349477500000006
0.94,0.140349,19.80792185
1.204,0.0432172,2.9895933
1.127,2.3186400000000003,1214.0
1.08,0.602232,163.967
0.54,0.06309450000000001,7.8773565
1.07,0.0200865,1.00520701
1.14,0.0434856,3.10129
0.85,0.0569124,5.37886844
1.57,1.29554,428.5
0.84,0.0356726,2.68505749
1.25,0.36301,71.4517775
1.239,0.0300684,1.7100566
1.0,0.0826512,8.67888593
1.72,0.0390586,2.14878
1.308,0.0679088,5.633472900000001
1.1909999999999998,0.0465021,3.35524
1.19,2.60488,1405.0
1.16,0.058170800000000016,4.75793986
0.53,0.0780146,10.93241
1.341,0.0480039,3.312433
1.15,0.0812822,7.891448299999999
0.97,0.0374388,2.686502
0.88,0.0461241,3.85691855
0.84,0.481868,133.3036741
0.96,0.254946,47.9872764
0.982,0.47557,120.8
1.069,2.06642,1049.0
0.93,0.0588328,5.4047800000000015
1.535,0.0441609,2.7347749
0.54,0.027173900000000004,2.22649109
1.05,0.036989,2.53573424
1.06,0.142675,19.1187753
1.1,1.3728,559.4048700000002
0.912,0.13785899999999998,19.57706
0.92,1.16693,479.1
0.76,0.0131437,0.63133235
0.87,0.706259,232.08
0.98,0.136705,18.6489525
1.463,0.0626633,4.736525
0.961,0.0914497,10.3039
1.12,1.28031,499.4
0.81,0.104565,13.722341
0.65,0.168484,31.3309
1.47,0.0894052,8.05333618
1.052,0.355656,75.523
1.12,0.0330527,2.07276
1.347,0.06223690000000001,4.885525
0.95,0.0566534,5.0505
0.79,0.176071,30.36044667
1.1840000000000002,0.0365155,2.3412127000000003
1.207,0.0666842,5.723186
0.949,0.429659,105.595
1.11,0.0523044,4.14702026
0.81,0.0387273,3.092926
1.02,3.94498,2831.6
1.025,2.26097,1224.0
1.08,0.226601,37.910254
1.08,0.0718867,6.77408868
1.17,1.25186,471.6
1.44,0.759258,201.3
0.54,0.0794372,11.12830484
0.93,0.0505272,4.301662
0.88,0.305198,65.6478424
0.81,0.0525443,4.8878162000000005
1.346,0.133829,15.413135
1.07,0.0361437,2.4262900000000003
1.3,0.252724,40.6994443
0.7909999999999999,0.264333,55.806
1.41,0.268995,42.913751
0.88,0.0624727,6.07972888
0.98,0.023292,1.31155557
1.16,0.083574,8.1934719
0.81,0.033677,2.50806
1.04,0.174395,26.0840594
1.025,0.136688,18.201320000000006
0.87,0.0696812,7.20283653
0.45,3.5615300000000003,3657.0
1.14,0.049298400000000006,3.744439
0.33,0.0504277,7.1999
1.04,0.0395795,2.82019241
1.21,0.0516604,3.89713
0.08900000000000001,0.0291683,6.099043
1.02,0.172254,25.85501786
1.11,0.048527,3.70598955
0.94,0.369378,84.5733226
1.33,1.1296,380.0
1.037,0.0176159,0.8378434000000001
0.71,0.251,54.5094166
0.0,0.0,51.84688575
0.81,0.0194926,1.10446351
0.13,0.0208968,3.06008
1.04,0.111023,13.24934059
0.942,0.05006,4.215
1.71,1.17218,354.29
0.94,0.140972,19.9400874
0.93,0.131467,18.054038100000003
1.248,0.0443853,3.056536
0.8,0.0420065,3.51576315
1.07,0.0438587,3.2432598
0.947,0.049495099999999986,4.1244809999999985
0.0,0.0,6.83437001
1.09,0.132431,16.860128600000003
1.07,0.26954,49.412
0.63,0.0893266,12.2854603
0.99,0.0885238,9.66857723
0.59,0.0829006,11.35011917
1.4580000000000002,0.0522499,3.612764700000001
1.13,0.7400869999999999,218.47
1.16,0.260643,45.1263042
1.09,0.0263353,1.49514952
0.934,0.0418506,3.2357
1.0,0.182625,28.5057189
1.147,1.5273,643.25
1.15,1.39588,559.3
1.05,0.223437,37.6467384
1.07,0.10078,11.29695137
0.909,0.0405459,3.1260876
0.85,0.188012,32.2968798
0.88,0.218045,39.64317811
0.81,0.0399889,3.24406
0.87,0.0432987,3.52563254
1.58,0.0291019,1.44259224
1.13,0.408538,89.72229200000002
1.014,1.02831,377.8
0.843,2.00715,1129.0
0.97,0.090566,10.10769068
0.91,0.227107,41.43962808
0.86,0.042189099999999986,3.41303622
1.16,0.0267923,1.4857108
1.0659999999999998,2.93362,1773.4
1.375,0.0499317,3.474474
0.9,0.147513,21.81293494
0.8,0.116802,16.301258999999998
0.92,0.17039300000000002,26.783918300000003
1.19,0.204059,30.86389310000001
1.13,0.040381,2.78815679
0.08900000000000001,0.0383799,9.205585
0.92,0.0623222,5.9242620000000015
1.01,0.048450699999999985,3.87595807
1.08,0.101821,11.41909375
0.8,0.134576,20.16034462
0.82,0.0650994,6.69960006
0.93,0.0996107,11.90715
0.49,0.358346,111.7
0.93,0.13125,18.00931444
0.98,0.0923741,10.35863224
1.01,0.151158,21.3587621
1.1,1.2415200000000002,480.5
1.03,0.205268,33.469743
0.943,2.54268,1523.0
0.95,0.0424409,3.27646405
0.63,0.2596,60.866168
0.78,0.887919,345.72
0.7,0.0575639,6.02930132
0.956,0.0244921,1.43037
0.85,0.108362,14.13176026
1.06,0.237227,40.990398600000006
1.04,0.101359,11.55098
0.83,0.0970652,12.12400943
0.86,0.0396151,3.10550819
0.86,0.0769479,8.40691199
0.49,2.35317,1882.0
0.92,0.093804,10.94027841
0.8420000000000001,0.0771322,8.5234865
0.76,0.0854126,10.45843441
0.83,0.115101,15.65562652
0.93,0.0508228,4.33946454
1.133,0.0553326,4.4652934
0.478,0.392576,129.9459
1.09,0.22494,37.3229493
0.866,0.179488,29.8454
1.52,0.0413279,2.4855335
0.51,0.0626016,8.0109434
0.86,0.251269,49.6077331
1.25,0.0468614,3.310651
1.16,0.23295900000000005,38.1312831
0.96,0.3493,76.95785699999998
0.63,0.0778907,10.00342
1.23,0.181042,25.369116
1.08,0.0391001,2.7164762
0.7,0.0218627,1.41122985
0.96,0.0898835,10.04556931
0.64,0.116426,18.1373829
0.708,0.06830139999999997,7.7485
0.47,0.0892579,14.207
0.95,0.0539434,4.69500134
0.93,0.100445,12.05707239
1.1,0.0468682,3.53269
0.76,0.056382,5.60912
0.96,0.220045,38.47875707
1.01,0.155326,22.24813967
1.01,0.073611,7.25844721
0.88,0.031272900000000006,2.1522254000000003
0.79,0.0607115,6.14727918
0.927,2.10091,1155.0
0.99,0.30001300000000003,60.3231
1.238,2.51797,1311.0
1.01,0.0520747,4.3176782
1.41,1.11312,361.1
1.08,0.0442246,3.26869515
1.093,0.031604200000000006,1.9616241
1.01,0.194499,31.1750448
1.02,0.584174,161.47439369999995
1.07,0.038671,2.68432848
0.916,0.0414094,3.21222
1.166,0.042644199999999986,2.9776412
0.85,0.0897541,10.65276707
1.06,0.169505,24.7576421
1.021,0.0446486,3.4088300000000005
0.93,0.017189799999999998,0.85359163
0.77,0.14286400000000002,22.4764425
1.489,0.0479738,3.1428347000000003
1.47,1.23874,415.2
1.66,1.98519,792.6
1.17,0.221415,35.1810304
0.9,0.143067,20.83424726
0.74,0.0190745,1.11854972
1.06,0.114152,13.68237119
0.66,0.0345893,2.89221751
1.0,0.12728299999999998,16.586176199999993
0.986,0.044470800000000005,3.4464589999999995
0.86,0.018261000000000003,0.97191543
0.958,0.4473430000000001,111.4367
1.49,0.0654845,5.01423457
1.17,0.167934,23.2382792
0.59,0.0298817,2.455239
1.079,0.0617749,5.398763
0.08900000000000001,0.0466967,12.354473
0.74,0.0737068,8.49642241
0.79,0.114939,16.01310205
1.02,0.420795,98.7180406
1.33,0.036139099999999987,2.17517656
1.4,2.84117,1475.0
0.81,0.230681,44.96417488
0.789,0.118715,16.8191
1.14,0.373544,78.10002309999999
0.94,0.122862,16.22371307
1.8,0.490206,93.4
0.84,0.0776941,8.63043276
1.09,0.0803909,7.97419807
1.133,0.742283,219.3
1.36,0.608531,148.6
0.866,0.0667693,6.771315
0.95,0.0617018,5.74347727
1.15,0.0527424,4.12554687
1.04,0.117226,14.37508035
1.145,0.92376,302.8
0.83,0.0874713,10.37168453
0.85,2.80658,1862.0
1.3,0.0794128,7.16892463
1.11,0.0793434,7.74809437
1.0,0.119208,15.0330105
1.49,1.61027,610.2
1.393,0.051503699999999986,3.6112706
1.04,0.392209,87.9732136
0.93,0.263744,51.300634
0.804,0.152945,24.3556
0.601,0.139869,24.6454
1.045,3.07131,1920.1
1.14,1.2589,481.9
1.08,0.112404,13.24503188
1.03,0.0838281,8.73485836
0.98,0.221868,38.5583038
0.92,0.136979,19.3044
0.8,0.0310798,2.23749275
0.96,0.0955953,11.01816836
1.34,0.405305,81.4162941
1.0,0.014974700000000004,0.6693109
0.82,0.0209702,1.22486632
0.915,0.0227178,1.30619
0.99,0.06922710000000001,6.673858999999998
0.84,0.0387537,3.04033042
0.895,0.239656,45.29485
0.84,0.249855,49.77
0.81,0.259117,53.52934870000001
0.758,0.0419153,3.6001053
0.87,0.07842400000000001,8.60010411
0.952,0.032041900000000005,2.1451
0.6809999999999999,0.019659400000000004,1.22002563
0.98,0.0527478,4.46975774
1.209,0.0456089,3.234723
0.93,0.0758978,7.9194
1.03,0.0626287,5.64067757
0.8420000000000001,0.0452895,3.836169
1.81,2.24032,910.0
0.93,0.176696,28.125
0.962,0.0405861,3.0440499
1.04,0.0475122,3.70921385
0.6,0.054174,5.94566534
1.04,0.476837,117.93108781
1.44,1.57999,604.0
0.93,0.316151,67.3
0.88,0.11345,14.878296
0.81,0.391079,99.25309509999998
0.75,0.0645763,6.92101021
1.277,0.101317,10.423648
1.11,0.0341288,2.184673
0.99,0.0616673,5.62153941
1.124,0.06927710000000001,6.27711
0.74,0.118441,17.307137
1.0,0.08295,8.726
0.294,0.0889562,17.87199137
1.64,0.187767,23.20584623
0.816,0.047868400000000005,4.234516
1.06,0.121659,15.0540329
0.83,0.0324471,2.3432319
0.88,0.0222195,1.28958811
0.912,0.063351,6.098493
1.346,0.2014,28.454851
1.2,0.0530508,4.072
0.98,0.048130800000000015,3.89593684
0.69,0.119499,18.16406
0.98,0.0738933,7.4111410000000015
1.06,3.13296,1966.1
0.29,0.730436,423.3821719
1.277,0.304548,54.32031
0.759,0.0503097,4.7228124000000005
1.03,0.050577099999999986,4.09357325
1.0,0.100994,11.72292176
1.06,0.110239,12.98495573
1.17,0.0594394,4.89337519
0.94,0.061725,5.77721211
1.03,0.07936900000000001,8.0472642
0.78,1.75604,962.0
1.47,0.049327800000000005,3.3004192000000003
1.028,0.0951314,10.57
1.101,0.483601,116.6884
0.89,0.463328,122.1
0.74,0.0558236,5.6
1.14,0.110538,12.5720095
0.96,0.174066,27.07237711
1.81,1.21472,363.3
0.98,0.03015,1.93155984
0.73,0.629,213.257663
1.27,0.0440549,2.99433
0.89,0.0139284,0.63642408
0.738,0.558942,177.6693
0.71,0.164916,29.03
0.91,0.0435651,3.48159251
1.04,0.180967,27.572274199999995
0.452,0.0287188,2.64385
1.55,0.0457595,2.8717518
1.01,0.0936589,10.41725184
0.0,0.0,184.256405
1.25,0.0883216,8.57503552
0.87,0.025737400000000004,1.6168837
0.982,0.134393,18.157
1.09,0.070302,6.52121067
0.9,0.638509,196.435224
1.01,0.273799,52.0688601
1.16,0.158582,21.41616926
1.222,0.0542977,4.1752387
0.925,0.0446312,3.577469
0.96,3.55427,2496.0
1.017,3.26519,2127.7
0.87,0.093078,11.11990653
1.02,0.119224,14.88801098
1.0,0.056677,4.927
0.94,0.29908,61.6178167
1.5119999999999998,0.060845,4.457243
1.69,1.91887,745.7
1.1,0.08097889999999999,8.02511821
0.965,0.225692,39.8449
0.98,0.363536,80.87206390000001
0.88,0.672832,214.886545
1.0,0.0681049,6.49168426
1.3,0.7649229999999999,214.3114164
1.02,0.188549,29.6091744
1.03,0.0485975,3.85560355
1.04,0.018961,0.93511806
0.92,0.0580264,5.3227406
0.98,0.226831,39.859484
1.25,0.0685234,5.8599440000000005
0.99,0.5769810000000001,160.88465087
2.31,2.063,711.0
0.86,0.159985,25.2034787
1.36,0.139726,16.3583055
1.17,3.0184,1770.0
0.91,0.150552,22.36656079
0.92,0.058171,5.34264507
0.98,0.0878909,9.61375356
1.23,0.0932375,9.3761368
0.96,0.120507,15.59461874
1.02,0.19765,31.7785901
0.8,1.30299,606.4
0.82,0.0135188,0.63400294
0.08900000000000001,0.0115051,1.51087637
1.212,0.0254851,1.3484954
0.77,0.087995,10.86499
1.15,0.125745,15.18725932
1.54,0.563801,124.6
1.06,0.038844800000000006,2.71603809
1.4,0.0589428,4.41745855
1.33,0.034771,2.052868
0.85,1.70993,885.5
1.108,5.3341400000000005,4270.0
1.18,0.0197027,0.92990668
1.238,0.291535,51.63800000000001
0.73,0.0439026,3.9324613
1.335,0.070273,5.8881
1.32,0.0449294,3.024095
1.2,0.0278077,1.5449298
1.26,0.0877495,8.45808312
0.96,0.363618,81.73780699
1.085,0.07941319999999999,7.8457
1.09,0.0537034,4.3530135
0.96,0.035933,2.53918318
1.0,0.107552,12.883
1.11,0.058090599999999985,4.85386933
0.95,0.202661,34.18890521
1.022,5.14931,4218.0
0.77,0.0559503,5.5080230000000014
0.95,0.218893,38.3774623
1.54,0.06706480000000001,5.11177904
0.88,0.08465800000000001,9.59070716
0.359,0.0600137,8.962
1.07,0.05555269999999999,4.62332
0.87,1.00082,391.9
0.58,0.0142363,0.813475
0.92,0.16939500000000002,26.548955
1.1,0.155007,21.0874
0.89,0.407808,100.8274113
2.15,0.8231510000000001,185.84
0.9,0.058538699999999985,5.45298175
1.1,0.147232,19.67416124
0.85,0.058462699999999986,5.60014851
0.95,0.06000790000000001,5.50860439
0.79,0.0453661,3.97076766
1.06,0.283142,53.44945593
0.89,0.056172900000000005,5.15448442
1.45,0.0643804,4.954
0.6809999999999999,0.056688,5.97377468
0.5,0.08911000000000001,13.74
1.0,0.0928723,10.3376
1.09,0.10143,11.30119217
0.8,0.0285538,1.97034246
1.03,0.08001439999999999,8.145610000000001
0.93,0.1064,13.14497566
0.86,0.0217143,1.26025909
0.66,0.0778725,9.77
0.94,0.136148,18.92540274
0.82,0.122418,17.27629612
1.74,2.28088,952.7
1.03,0.384289,85.7350285
1.06,0.161019,22.9221266
0.92,0.217045,38.5053398
1.18,0.1432,18.2206421
1.37,0.0573788,4.2568
1.05,0.133676,17.421174899999997
1.01,0.080381,8.28246
1.26,0.0375152,2.36436901
1.31,0.0726449,6.246580000000002
0.95,0.11193,14.0329154
0.8859999999999999,0.0522992,4.640382
1.22,0.104553,11.17931605
0.972,0.117171,14.85888
1.02,0.20817800000000006,34.3511874
1.47,0.32821100000000003,56.6449279
1.03,3.5161,2372.0
1.147,0.93961,310.54999
0.94,0.036125,2.58664
1.06,0.0453489,3.4252602
1.18,0.14979,19.49213
0.54,0.312498,86.828989
0.96,0.08048580000000001,8.51203588
1.0,0.503142,130.3546919
1.2,0.125346,14.796745800000002
1.1909999999999998,2.33328,1187.3
0.92,0.0466196,3.83309118
0.79,0.142061,21.997999
1.51,1.6698,641.0
0.94,0.7420260000000001,240.7989397
1.077,0.0549549,4.533471
1.45,0.138326,15.6049212
0.92,0.167139,26.020442300000006
1.2,0.12398499999999997,14.5564533
1.14,0.5555829999999999,141.60001
1.03,0.053861800000000015,4.49876092
0.94,0.8254440000000001,282.5255
0.91,0.029172700000000006,1.9078052
0.95,0.0295483,1.9000693
1.18,0.057064599999999986,4.58352176
0.93,0.187949,30.8609366
1.28,1.18906,418.20001
0.994,0.0516466,4.2986432
0.83,0.0530392,4.89718784
0.81,0.0543655,5.14438011
0.78,0.284837,62.86916110000001
0.94,0.0510655,4.34728553
0.99,0.0786193,8.09219642
1.289,0.0285236,1.5487743
0.526,0.441345,147.6606
0.98,0.046688699999999986,3.72215641
1.2,0.7361770000000001,210.60697
0.157,0.0143253,1.58040482
1.15,0.0560063,4.51436633
1.0,0.211879,35.622233
0.87,0.07710449999999999,8.3839865
0.85,0.14611400000000002,22.12679948
1.15,0.11286,12.91375431
0.99,0.228139,40.0
0.956,1.66027,798.5
1.01,0.046581300000000006,3.652836
1.143,1.88529,882.7
0.78,0.0614878,6.30560247
0.83,0.015382299999999996,0.76486493
1.11,0.0308432,1.87788275
1.19,0.174156,24.3347127
1.1,0.225667,37.3331536
1.259,0.0452185,3.128992
1.19,2.30768,1173.0
0.77,0.187771,33.867853100000005
1.0,0.0686885,6.57531678
1.78,1.59543,551.4
1.099,0.040253,2.8126548
0.96,0.290481,58.3620495
1.136,0.8381719999999999,262.70861
1.05,0.17004,24.99324193
0.86,0.01281,0.57103852
1.0,0.22473,38.90861
1.238,3.8997,2520.0
0.84,0.105904,13.73469807
1.026,1.36067,572.0
1.21,0.254502,42.6318
0.85,0.16455,26.444000000000006
0.99,0.15399300000000002,22.18329658
1.2,0.0409325,2.76122421
0.94,0.186962,30.4549136
0.94,0.06684019999999999,6.5100253
1.1,0.0739053,6.99692655
1.22,1.6471,696.3
0.93,0.108427,13.5225106
1.01,2.62431,1544.0
0.97,0.401332,94.2887577
0.89,0.513692,142.54424699999996
0.81,0.237122,46.859
0.635,0.257458,59.87756
1.08,0.28916,54.6495759
1.05,0.271,50.28638192
0.181,0.0476476,8.929
1.38,0.520622,116.596
0.33,0.125003,28.1
0.94,2.1118,1155.7
0.72,0.06451090000000001,7.053
1.0,0.318487,65.6488341
1.1,0.06848489999999999,6.24146367
1.04,0.046104,3.54553021
1.38,0.0655498,5.215357
0.81,0.557231,168.811174
1.19,0.0454854,3.24674
0.87,0.18721,31.71922
1.09,0.6361680000000001,177.11
1.4,0.532697,120.0181272
1.0,0.0624428,5.69919514
1.0,0.0495271,4.02582254
1.11,0.0246365,1.34059747
2.0,1.16272,323.6
1.25,0.08524730000000001,8.13123
0.83,0.0169132,0.88184115
0.81,0.0979413,12.43931193
1.08,0.0894717,9.4060467
1.25,0.06799110000000001,5.79180156
0.94,0.179399,28.625653000000003
1.0,0.0554927,4.77468005
1.129,0.0511051,3.97097
1.071,3.34651,2151.0
1.01,1.11079,425.47785
1.01,0.129431,16.92344113
1.21,0.160247,21.30022655
1.05,2.33982,1275.0
1.32,0.17338,22.951
1.294,0.0431325,2.8758911
0.478,0.0378277,3.8867907
1.19,0.0348186,2.1746742
0.98,0.380735,86.67856
0.96,0.05905750000000001,5.35016198
1.128,0.0412815,2.8792319
0.92,2.69464,1684.0
0.98,0.055823800000000014,4.8663815
0.74,0.0215077,1.3371182
0.95,0.102351,12.27065865
1.14,0.172447,24.4973698
1.117,2.48556,1353.0
1.03,0.210888,34.8538276
1.543,0.0437742,2.691548
0.9,0.08218450000000001,9.07097734
1.15,0.418658,92.263714
0.865,0.117046,15.7259
0.46,0.060801699999999986,8.07392849
1.1,0.477022,114.73635
1.01,0.297295,58.83
0.8,0.161056,26.39435646
0.95,0.0464443,3.75083228
1.5,0.037964,2.204737
1.015,0.0571073,4.9473699999999985
1.133,1.1851,442.4
1.01,0.0802803,8.266902
0.93,0.0504566,4.29264638
0.7,0.0908478,11.95398936
0.81,0.0125101,0.56785714
1.23,0.0758454,6.87188
0.826,0.0452527,3.8681382000000006
0.94,0.116835,15.0447198
1.03,0.0497212,3.99010623
0.93,0.06121430000000001,5.7361
1.0,0.109809,13.2907
0.91,0.033607300000000014,2.35895152
0.758,0.0489676,4.5458840999999985
1.16,4.94302,3724.7
1.15,0.264783,46.4063358
0.96,0.13056700000000002,17.58752333
0.93,0.0428704,3.361006
0.8320000000000001,0.155066,24.451
0.7,0.14618499999999998,24.4002549
0.85,0.601409,184.771853
1.16,1.02595,352.3
0.86,0.8888299999999999,330.0
1.1,0.366455,77.2548396
1.0759999999999998,0.0291939,1.7554137
1.11,0.0590285,4.971252
0.52,0.06661080000000001,8.7076
0.94,0.0504666,4.27103091
0.8,0.0842697,9.98969327
0.54,0.10280999999999997,16.3850021
0.87,0.295466,62.8916228
0.71,0.0607742,6.49441289
0.96,0.390823,91.080482
1.48,0.07164580000000001,5.75251
1.0,1.03378,383.70001
0.94,0.0891946,10.03538581
1.157,0.0407152,2.788491
0.96,0.16675299999999998,25.3842686
0.94,0.0399419,3.00725242
0.96,0.037917,2.75235975
0.965,1.33658,572.38
0.29,1.02111,699.81424883
0.85,0.175021,29.00790538
0.99,0.038900800000000006,2.81650485
0.94,0.0248451,1.47532231
1.04,0.131797,17.1369543
1.198,0.114265,12.8747099
1.13,0.052542700000000005,4.13827595
0.6897,0.646795,228.776
0.54,0.12806900000000002,22.7802
0.95,0.119982,15.5741568
1.16,0.108438,12.1097104
0.92,0.230686,42.1917357
0.56,0.0962142,14.5665
0.9,0.0604111,5.71668872
1.495,0.0255483,1.21986983
0.828,1.08649,454.2
0.78,3.02208,2172.0
0.878,0.0392516,3.030065
1.112,0.0525079,4.1662739
0.879,1.65355,828.0
1.04,0.0478522,3.74910006
0.69,0.426299,122.3874
1.21,1.7634900000000002,777.0
0.95,0.034903199999999995,2.44357812
0.9,0.111348,14.30511983
0.89,0.10546300000000003,13.2406
0.85,0.174358,28.8432647
1.8,1.53498,516.22
1.2,0.0491772,3.634433
1.17,1.14933,415.4
1.25,0.0567187,4.411953
0.86,0.0763472,8.30864937
1.12,0.20765,32.657212
1.21,0.0745798,6.76284377
0.28,0.0366252,4.83817712
1.74,4.60219,2732.0
1.03,0.126633,16.21775407
1.28,0.07042480000000001,6.03356196
0.91,0.187138,30.99660733
1.58,2.71619,1300.0
1.19,0.0702822,6.2385
0.8320000000000001,0.121908,17.0431
0.77,0.0681548,7.406097
0.74,2.5542700000000003,1733.0
1.015,0.554288,149.61
0.56,0.0498037,5.4248650000000005
1.01,0.0364157,2.52559332
1.43,0.19332,25.96200249
1.01,0.06639060000000001,6.2171292000000005
0.0,0.0,124.5244647
1.109,2.51056,1378.0
0.8,0.0436466,3.722465
0.78,1.9748900000000005,1143.0
1.069,0.174852,25.827
1.53,1.38103,479.0
0.97,0.0510769,4.28095859
0.84,0.0507142,4.55139967
0.67,0.25497,57.435
0.93,0.0398164,3.0091324
0.8,0.0362523,2.818049
1.07,0.729773,220.1303357
1.19,1.11234,392.6
0.34,0.0954693,18.47764449
0.69,0.0928559,12.4417
1.17,0.119407,13.93290318
0.49,0.06905130000000001,9.46781405
0.9,0.0420086,3.31494634
1.18,1.6555,714.3
1.291,0.118876,13.17562
1.2,0.34156,66.5579057
1.26,0.122255,13.9093583
1.32,0.0545179,4.0460435
0.92,0.267315,52.6298417
0.08900000000000001,0.022200900000000003,4.0499589999999985
1.47,5.70035,4100.0
1.29,0.153755,19.382
1.28,3.87172,2457.8717
1.13,0.0269122,1.51214
0.94,0.0568105,5.10115756
1.23,0.532115,127.8338098
1.34,0.170471,22.20813214
0.72,0.0311079,2.36172433
0.92,0.07057580000000001,7.139694099999999
1.49,0.14196199999999998,16.00494214
1.16,0.0903166,9.20205
1.1,0.575052,151.86392
0.8420000000000001,0.0466409,4.008778
2.3,1.17509,305.5
0.85,0.227505,42.99
0.86,0.043728,3.60147201
1.0,0.195581,31.5922646
1.03,0.08025139999999999,8.1818246
1.7180000000000002,5.35635,3452.0
0.82,0.0190889,1.06378867
0.91,0.0221125,1.25785
0.97,0.114954,14.4541302
1.03,0.105496,12.3318
1.043,0.895669,303.158
0.4,0.0606753,8.631
1.15,0.101697,11.04603384
0.775,0.0784741,9.1205
1.14,0.316935,61.03701170000001
0.55,0.109153,17.76080053
1.291,0.253499,41.02902
0.97,0.228204,40.4287755
1.01,0.0712451,6.91134416
1.04,0.0689299,6.48163
0.92,0.071869,7.33683936
0.85,0.0619246,6.10485286
0.85,0.120447,16.56059504
1.14,0.0962449,10.21420496
1.2,0.519687,124.9144
0.8,0.0903224,11.08507637
1.3,0.0551406,4.14787559
0.94,0.0314856,2.10472218
1.08,0.0203817,1.02267882
1.123,2.19755,1120.0
0.68,0.122878,19.07863
1.18,0.16630599999999998,22.804
1.07,0.481226,117.87
1.071,0.128401,16.23855
0.974,0.036836900000000006,2.615857
0.81,0.136122,20.38177573
1.14,2.8107900000000003,1606.3
1.0,0.125499,16.23844
0.961,0.154764,22.6845
0.96,0.0819289,8.74199772
0.9,0.0363506,2.66831376
0.181,0.0153263,1.628931
1.143,2.02754,986.0
1.23,0.07029969999999999,6.1335
0.64,0.119053,18.7546998
1.0,0.0657994,6.16486
1.131,0.130891,16.254610999999993
0.93,0.0228923,1.31184443
1.21,0.0781697,7.25696522
1.32,0.0574592,4.3780800000000015
0.794,0.0498148,4.5557
1.34,2.42516,1189.1
0.99,0.185524,29.334
1.03,0.0998849,11.36112327
0.94,0.0993188,11.79162572
1.102,2.40085,1290.0
0.98,0.0797776,8.31378306
1.21,0.036038,2.27163926
1.218,0.0413275,2.77596
1.394,0.050924300000000006,3.553945
1.37,1.68103,677.8
0.71,1.80757,1050.3
1.11,0.07507689999999999,7.1316185
0.35,0.0277394,2.85234897
0.93,0.0494161,4.16055856
0.78,1.1348200000000002,499.48
0.99,2.3870400000000003,1353.6
0.87,0.08072289999999999,8.98101683
0.85,0.048585,4.24261881
1.11,0.0471986,3.55485691
1.04,0.0364828,2.49577962
1.05,0.126093,15.95994513
0.78,0.0658684,6.9913086
0.614,0.056147400000000014,6.201467
0.99,1.88623,950.69651
1.013,0.0460506,3.5852467000000003
1.69,2.77628,1299.0
0.92,0.241134,45.0904643
1.04,0.13608599999999998,17.980123499999994
1.36,0.0451413,3.00387658
1.2,0.07616160000000001,7.008151
1.22,0.055353699999999985,4.30655689
1.121,0.0573215,4.73401
1.14,0.116755,13.6473676
0.97,0.28584,56.6747285
0.93,0.361423,82.294751
0.951,3.80821,2770.0
1.04,0.272969,51.07926307
0.94,0.071979,7.27503724
0.22,0.035228300000000004,5.148921
1.223,0.0455763,3.21346
1.273,0.0453232,3.1220109000000003
1.19,0.154149,20.2641684
0.9,0.0475302,3.98953967
1.7,1.6736400000000002,605.2
1.1,2.07238,1038.1
0.97,0.223973,39.30941904
0.96,0.0290724,1.84788917
1.04,0.238842,41.805985
0.7,0.016391299999999998,0.91614077
1.07,0.109729,12.8345022
0.87,0.167537,26.85328322
0.748,0.07963730000000001,9.4909
0.63,0.0198513,1.28707676
0.83,0.058889099999999986,5.729319599999998
1.1,0.243116,41.74600392
0.78,0.156872,25.69578251
0.91,0.0276021,1.75583533
1.46,0.06782139999999999,5.33408384
0.56,0.0327047,2.88676265
0.976,0.0506843,4.2180278
1.33,4.37827,2890.0
0.96,0.0982303,11.47685909
0.91,0.0413383,3.21751883
1.2,0.0599991,4.8996285
1.36,2.0400400000000003,912.0
1.317,0.0319991,1.8209993
0.72,0.0788018,9.522
1.0,1.29459,535.6
1.28,1.80168,780.3
1.03,0.114843,14.00640607
0.89,0.0469031,3.93276465
1.001,0.032693,2.156729
0.75,0.11512,16.4735686
1.28,0.119195,13.28535633
1.07,0.7176899999999999,214.67
1.05,0.0466557,3.57532
1.6,0.188086,23.5540725
1.01,0.0346536,2.34451194
0.89,0.141235,20.54981883
0.92,0.0269307,1.6829346
1.11,0.0235482,1.25275217
1.09,0.235841,40.0686727
0.97,0.432008,105.3033148
1.07,0.0315668,1.98035766
0.989,3.26609,2166.0
0.79,0.0172977,0.93488424
1.34,0.127487,14.36267939
1.09,2.4178900000000003,1314.0
0.77,0.0383568,3.12686223
0.938,0.0378972,2.7817387000000005
0.8029999999999999,0.139784,21.301886
0.6,0.0509616,5.42474928
0.62,0.15368800000000002,27.9481449
0.85,0.350774,82.30400300000002
1.53,1.13327,356.0
0.78,0.028904500000000007,2.03231845
1.57,0.113114,11.0895723
0.86,0.0156331,0.7698536
0.93,0.0435743,3.4442
1.17,0.21827800000000006,34.43587975
0.82,0.198299,35.61760587
0.93,0.265894,51.92927591
1.07,0.116763,14.08827448
0.995,0.29385,58.11247
0.93,0.950245,350.3
1.31,0.104704,10.8118737
1.06,0.49279,122.72
0.18,0.0317534,4.8712290000000005
1.08,0.162992,23.12748644
1.054,1.94413,963.6
0.94,0.0495281,4.15244722
0.8490000000000001,0.185072,31.559999
0.91,0.0878919,9.97683705
1.15,0.6979810000000001,198.4
1.34,0.0427173,2.785755
0.74,0.0318579,2.41435165
0.359,0.142931,32.939614
1.01,0.0590095,5.20851
0.87,0.100056,12.39358604
0.85,0.462033,124.4198398
0.99,0.0498411,4.0845
1.2819999999999998,0.0412729,2.70339
1.0,0.379271,85.3128662
1.12,0.0935706,9.878482
1.36,1.03886,331.5
1.03,0.0546451,4.59725385
0.76,0.013450299999999998,0.65355357
0.78,0.168131,28.51120525
2.73,1.93647,594.90002
0.961,0.19466,31.9996
1.01,0.239214,42.52158950000001
1.284,0.0576688,4.463129
1.113,0.5207649999999999,130.08
0.94,0.07385,7.56052806
0.98,0.391589,90.4113556
1.58,0.0714194,5.54608367
0.88,0.229818,42.8961
1.01,0.116684,14.48585199
0.82,3.37558,2500.0
0.0,0.0,5.24972541
0.81,0.709354,242.4613
0.78,0.051836300000000016,4.88083852
0.86,0.0496255,4.35409304
0.969,1.36607,591.9
0.98,0.122297,15.77979614
0.91,0.06089209999999999,5.75322197
0.71,0.8913110000000001,364.758031
0.88,0.146374,21.80451088
0.83,0.0799721,9.06689421
0.84,0.508596,144.547396
0.983,0.129216,17.111027
1.11,0.0986522,10.7421
0.98,0.050347,4.16809082
0.9,0.386292,92.4362973
0.65,0.7569640000000001,298.2
0.89,0.0796567,8.70419416
0.83,0.042435900000000006,3.50470358
1.41,0.0733316,6.10826019
1.07,2.0945400000000003,1069.8
0.92,1.37427,613.09998
0.13,0.0112809,1.2137672
1.08,0.15388800000000002,21.21708973
0.88,0.0996817,12.25383217
0.0,0.0,7.02573474
1.11,0.0615039,5.28789787
0.76,0.0426707,3.69298373
1.22,0.0426946,2.91625
1.452,0.151393,17.855233300000005
0.45,0.0286881,2.64561
1.0,0.140548,19.243158
1.21,0.0705457,6.221614700000001
0.96,0.0151311,0.69384285
0.86,0.0626755,6.1799844
1.09,0.167165,23.910901100000004
0.836,0.0896052,10.7085
1.15,0.143967,18.6051942
0.63,0.188407,37.6327084
1.12,0.20912600000000006,33.006
0.81,0.265992,55.6738309
0.76,0.0735719,8.36086824
1.09,0.15393099999999998,21.1284569
0.87,0.140652,20.65614
0.47,0.0627173,8.36802
0.617,0.0318973,2.647298
1.45,0.0820438,7.12811928
2.06,0.0555347,3.32944
0.99,0.0275857,1.68189002
1.08,0.0265264,1.5184299
0.98,0.30753,62.9228557
1.39,0.0796733,6.96710269
2.17,1.0769799999999998,277.02
0.88,0.0450964,3.72873109
1.05,0.521537,134.25272980000003
0.92,0.0464624,3.81371974
0.76,0.0570521,5.70940492
1.07,1.54309,676.8
1.29,2.1263400000000003,995.4
1.06,0.0907946,9.705716
0.927,0.0399038,3.023573
0.88,0.0851485,9.67395
0.87,0.08078980000000001,8.992180000000003
1.11,0.105629,11.9016171
1.16,0.0755268,7.03902374
0.85,0.368178,88.505
1.76,0.0542009,3.4741085
1.15,0.205364,31.6978
0.97,0.0389589,2.8505700000000003
0.93,0.056099300000000005,5.03251791
1.5119999999999998,0.08068789999999999,6.790123
0.35,0.0226485,2.10433812
0.86,0.0795638,8.83922659
1.09,0.051069,4.03519
1.62,1.32398,436.9
1.2,0.543924,133.6
1.08,3.1288,1944.5898
1.392,0.06774669999999999,5.452654
1.04,0.113663,13.72465129
0.794,1.43442,704.1984
0.3,0.0914762,18.4498
0.84,0.12941,18.5525701
1.21,0.158038,20.8613
0.92,0.102591,12.513
0.93,0.07439119999999999,7.6847716
0.94,0.016702,0.81316672
0.8,0.0207092,1.21699766
1.5,1.12966,357.8
1.032,0.054759900000000014,4.605874900000001
1.071,0.07189019999999999,6.803
1.16,0.0224212,1.13854338
1.01,0.0915102,10.06082567
1.35,2.34618,1125.7
1.026,0.0635202,5.7727
1.23,0.0497719,3.65691115
1.242,0.0419042,2.810595
1.166,0.4757,110.979
1.51,0.264915,40.5286413
0.59,0.0379647,3.51749439
0.8029999999999999,0.102457,13.367308
1.318,0.0588578,4.5421687453800015
1.13,2.4447,1313.0
1.0,0.161123,23.6225913
0.866,0.07774960000000003,8.509
1.09,0.119364,14.427355100000002
1.025,0.0433674,3.257215
0.99,0.061953199999999986,5.66067294
1.13,1.16537,431.88
0.92,0.905726,328.2399546000001
1.68,0.08100249999999999,6.4948
0.82,0.0185537,1.0187074
1.09,0.0973596,10.62784997
0.478,0.121623,22.407793
0.81,0.189272,33.4177993
1.18,0.020565700000000003,0.99166527
0.49,0.0656822,8.7832
1.18,0.155175,20.5533844
1.012,1.59509,730.6
1.06421,0.344904,71.484
0.94,0.0562022,5.0171800000000015
1.19,0.0750455,6.8834054999999985
1.23,0.0472783,3.38555488
0.7,0.100456,13.89961966
1.08,0.538652,138.9442
0.8,0.130853,19.32952416
0.8,0.039614800000000006,3.21982106
0.95,0.016052200000000003,0.76212926
0.64,0.0118373,0.58800076
0.8,0.0756944,8.428198
0.99,0.28427600000000003,55.63934
1.04,0.0808904,8.23984869
1.07,0.0154128,0.67564949
0.88,0.114781,15.1410397
0.97,0.0827454,8.82713457
0.86,0.22955,43.3167737
0.73,0.0801106,9.69312032
0.7070000000000001,0.286604,66.65061999999999
0.916,0.0655505,6.404
0.32,0.129574,30.0881
0.85,0.0465276,3.97599768
0.91,0.0866604,9.7678805
1.346,0.0829011,7.514639999999999
0.912,0.0930411,10.854092
0.84,0.6869270000000001,226.89047
1.043,0.267621,49.514
0.67,0.06976399999999999,8.22241966
0.82,0.021472,1.26909037
1.15,0.0915122,9.42887179
0.872,0.0465952,3.93404
0.87,0.0979318,12.00096042
0.69,0.717595,267.291
0.92,0.07594880000000001,7.97034958
0.936,0.0542014,4.763387000000002
0.893,4.2137699999999985,3341.5588
1.11,0.08715039999999999,8.9193459
1.09,0.023074200000000003,1.22621732
0.93,0.06192180000000001,5.83598311
0.7,0.0428543,3.8728
1.108,0.07502819999999999,7.1268163
1.07,0.7417739999999999,225.582809
1.071,0.0847193,8.703
0.404,0.163806,38.09722
1.147,5.34057,4205.8
0.89,1.36155,615.0
1.19,0.0804377,7.63846023
0.48,0.0580371,7.3709
0.85,0.080701,9.08237046
0.55,0.0234342,1.76678906
1.125,0.110366,12.62
1.218,0.061192099999999985,5.005425
0.81,0.159872,25.9422033
0.779,0.0228946,1.4324757
0.94,0.0289537,1.8555580000000005
1.19,0.118853,13.71933369
1.03,0.047906,3.77360059
1.06,0.118968,14.55731705
0.7340000000000001,0.0588842,6.0881
1.06,0.13713599999999998,18.01621096
1.01,0.0372774,2.6157554
0.74,0.132422,20.46
1.1,0.0656127,5.85296257
1.0,0.0744983,7.42693741
1.23,1.12814,394.6244904
0.9,3.43052,2443.0
0.544,0.171702,35.23319
0.8,0.016217600000000002,0.84338011
0.32,0.333345,124.26
0.84,0.103048,13.1829642
0.81,0.014158100000000003,0.68368426
0.95,0.0455165,3.63899398
1.13,0.0983673,10.60052251
0.87,0.394192,96.9151496
0.83,0.122576,17.20523483
1.07,0.0532751,4.34195123
1.06,0.141438,18.87064068
0.89,0.0795658,8.689307300000001
1.4069999999999998,3.60184,2102.0
1.0,0.06755,6.41251504
0.61,0.12701600000000002,21.169687
0.5,0.0297443,2.64977
1.063,3.57197,2391.0
0.92,0.0780663,8.306000000000001
1.46,0.08668350000000001,7.71468975
0.95,1.44284,649.0
0.95,0.0430893,3.35183158
0.97,0.0861587,9.37891944
1.071,0.104497,11.922
0.8,0.0375418,2.97041437
1.2,0.028082,1.5690665
1.1,0.111358,12.94130146
0.865,0.94038,358.0
1.5,0.746644,192.0
0.76,1.52377,788.0
1.11,0.07845010000000001,7.61760804
0.86,0.245986,48.051405
1.01,0.164164,24.1738579
1.47,0.0406092,2.465295
0.95,0.135465,18.68404933
1.45,0.269138,42.35142670000001
1.07,0.07606399999999999,7.40742793
0.96,0.127028,16.87727414
0.94,0.0989169,11.72012266
1.002,0.0240531,1.3600309
1.05,6.21822,5501.0
0.93,0.0517147,4.45419434
0.905,0.0154393,0.736546
0.73,1.00678,431.7
0.78,0.057667599999999986,5.72717226
1.25,1.25015,456.10001
1.72,0.0342279,1.76358799
0.93,0.0714529,7.23400469
1.21,0.07205239999999999,6.42200058
1.09,0.124555,15.3787546
0.7,0.16763499999999998,29.9633247
0.91,0.0146558,0.67933627
1.58,1.12292,345.53
0.87,0.029710900000000005,2.00541269
0.86,0.633688,198.680179
1.11,0.0488263,3.74032496
1.0,0.169257,25.4338197
0.08900000000000001,0.0617089,18.767953
0.969,0.104767,12.58242
1.7,1.777,663.0
1.03,0.080153,8.158714999999999
1.61,2.1121,883.0
1.34,0.160616,20.310501
1.0,1.18713,472.3
2.15,1.97678,691.9
0.65,0.10464,15.3348
1.48,0.08066439999999997,6.8734899999999985
0.894,0.0269311,1.70629
1.03,0.618691,175.13881899999996
0.99,0.18795,29.91136794
0.86,0.100206,12.49341307
1.21,0.0576393,4.59489604
1.2,1.60044,672.1
0.96,0.427921,104.3518976
1.16,0.0849622,8.39846269
0.92,0.0427555,3.3564227
1.404,0.0509456,3.54387
1.12,0.0399686,2.7566
0.87,0.125668,17.44490636
0.74,1.33884,655.6
0.32,0.0208066,1.93778
1.228,0.0238308,1.211909
0.92,0.0456151,3.70987065
1.05,0.0541184,4.48758907
1.1,0.08205119999999999,8.18504949
1.2,0.6786369999999999,186.404271
0.98,0.0923273,10.3507721
1.34,0.1272,14.310195000000002
0.12,0.0482823,11.186
0.76,0.151698,24.7543966
0.7290000000000001,0.281824,64.00205
0.84,0.050806300000000006,4.56380468
0.81,0.569703,174.509835
1.64,0.0448251,2.705785
1.25,0.134445,16.10467749
0.51,0.146229,28.59915399
0.96,0.0757275,7.76846622
0.89,0.106598,13.47469571
0.75,0.0337676,2.61703254
1.06,1.45701,621.99
1.09,0.0470747,3.57320367
1.09,0.0570591,4.7683049
0.63,0.127527,20.9568158
0.75,1.16847,528.07
0.97,0.32555100000000003,68.88619150000001
2.39,4.26892,2082.0
1.2,1.2802,482.0
0.82,0.036849,2.85313364
0.9,0.024216400000000003,1.45088691
1.277,0.17343699999999998,23.342989000000006
0.78,0.947319,380.85
1.17,0.0342955,2.14463285
2.42,0.723051,144.3
1.28,0.0528645,3.92289
1.214,0.142508,17.833648
1.291,0.213825,31.7844
1.21,0.6149640000000001,160.129918
1.13,0.17466800000000002,25.082462600000003
0.81,0.299193,66.4162133
1.13,0.0426422,3.0255955
0.77,0.0673941,7.2824300000000015
1.05,0.231951,39.8189932
0.936,0.0845828,9.2869944
0.87,0.0447079,3.70175428
0.74,0.15366,25.575065
0.662,0.0073058,0.2803226
1.03,0.283792,54.4092333
1.04,0.0743387,7.25931979
0.92,0.200444,34.1731714
1.137,0.270013,48.056
1.5,0.937147,270.0
1.08,0.10243900000000003,11.5231
1.03,0.205066,33.42035034
1.2,0.4236430000000001,91.93913
0.98,0.07034220000000001,6.88337562
1.45,0.103618,10.11716531
0.95,5.15426,4375.0
0.77,0.102343,13.62798432
1.054,0.0521068,4.230785
1.078,0.0531121,4.3050011
1.16,0.0429791,3.02166863
1.12,0.246742,42.3004954
0.79,0.0500668,4.60358
1.64,0.0575502,3.93766373
0.87,0.132223,18.82747265
1.51,2.0717,886.0
1.09,0.0487927,3.77059058
1.01,0.0512901,4.22162536
0.9,0.246197,47.0319479
0.81,0.645826,210.630591
0.88,0.0663298,6.651380199999998
0.94,0.15594,23.198681
0.905,0.773567,261.2
0.294,0.0374757,4.88693327
0.79,0.0533524,5.06416
1.05,0.498966,125.63243
1.01,0.0185879,0.92103214
0.645,0.0411908,3.799847
1.63,0.458562,88.8
0.79,0.0172109,0.92785982
0.86,0.0381652,2.93658468
1.05,0.034116,2.245715
0.95,0.07475180000000001,7.65880414
0.93,0.11183,14.16399294
1.013,0.0964692,10.863502
1.131,0.047235,3.52474859
0.929,0.0413137,3.1810781
0.94,0.0413386,3.16635371
1.1,0.512595,127.58
0.601,0.207594,44.5631
0.78,0.0800943,9.3743
0.65,0.0551696,5.8706191
1.037,0.042091,3.0965828
0.8,0.059603099999999985,5.94220998
1.171,0.101407,10.8985
0.85,0.256743,51.538
0.81,0.0370047,2.88890485
1.15,0.18671,27.4785572
1.22,0.051448900000000006,3.8559
0.95,0.0905953,10.2184954
1.7,1.28444,407.5
1.13,0.17109000000000002,24.31575992
0.94,0.0261684,1.59474546
0.91,0.117181,15.3587684
0.81,0.0596165,5.90741354
1.01,0.0328963,2.16845259
1.07,0.0450255,3.37265
0.0,0.0,1.55400393
0.872,1.28243,567.94
1.32,0.270063,44.61695570000001
0.93,0.20001,33.8786838
1.145,0.0378387,2.5079204
0.5,0.0343627,3.29030452
0.7,0.515367,161.5163345
0.79,0.140653,21.67697486
1.04,0.0480499,3.7681
1.11,0.53813,136.75
1.206,0.0204134,0.9689951
0.758,0.0601536,6.189392
0.73,0.406917,110.96546
0.75,0.102064,13.7521072
0.758,0.06984270000000001,7.743492999999999
1.25,1.1241,388.0
0.96,0.126801,16.8320729
1.192,0.0574384,4.60497
1.33,0.176326,23.44971004
1.09,0.283321,52.75875577
1.154,0.846038,264.15
1.6,0.137986,14.80074836
0.31,0.07292380000000001,12.9182
0.97,0.191192,31.0033814
1.01,0.0756444,7.56127224
1.06,0.0641175,5.75962
1.165,0.0466223,3.405909
1.18,0.33316,64.6588017
1.4,1.4219,522.3
1.054,5.8251300000000015,5000.0
0.96,0.220779,38.6715075
1.0,0.098283,11.25402929
0.8,0.08607139999999999,10.3117
0.74,0.0468927,4.3115
1.34,0.0505526,3.585722
1.17,0.050083,3.78470649
0.5710000000000001,2.28335,1667.0
1.14,1.31029,511.098
0.95,1.03527,394.48124
1.74,1.19218,360.2
0.64,0.31971,82.53425190000002
0.8,0.143439,22.18432708
1.11,0.0832447,8.326515299999999
1.159,2.77219,1561.0
0.66,1.08768,509.997402
1.09,3.03064,1845.0
0.991,0.040462300000000014,2.985698
0.8,0.0237976,1.49914695
0.94,0.0451092,3.60930891
1.02,0.0262601,1.5373653
0.82,0.0674338,7.06317341
0.87,0.102896,12.92491623
0.71,0.119778,17.9691
1.166,0.224449,35.968
1.38,0.24190100000000006,36.959999
1.02,1.13113,434.5
0.87,0.0426259,3.4462038999999995
1.16,0.99475,335.1
0.78,0.0370474,2.94902905
1.25,0.0433296,2.94654179
1.29,0.052373800000000005,3.852985
0.8877,0.4862800000000001,131.458
1.12,0.0692091,6.28385491
0.65,0.0907073,12.3764661
1.06,0.07435610000000001,7.19303878
0.521,0.07460900000000001,10.312364
1.17,2.77823,1560.2
0.74,0.6791659999999999,237.6
1.01,0.0355594,2.4370333
0.77,0.309084,71.52530845
1.234,0.876999,269.29999
0.85,0.0234308,1.420033
1.19,0.103391,11.13125132
1.112,2.13177,1075.2
0.97,0.107239,13.02365861
1.14,0.052677199999999993,4.13592271
1.29,0.1187,13.15141081
1.78,2.23776,916.0
0.95,0.0359389,2.55314213
1.18,0.059689,4.90332155
0.54,0.0323795,2.8960000000000004
1.11,0.0597996,5.06963
1.4,1.03346,324.0
0.961,0.250413,46.6888
1.06,1.04992,379.63
0.55,0.0223609,1.64680191
1.147,0.0927843,9.6386
0.882,0.29472,62.218
1.2,0.307074,56.73667
1.09,0.0812267,8.09888799
0.86,0.183885,31.057161800000006
0.609,0.386141,112.3053
1.08,0.0401985,2.83265213
0.99,0.0823755,8.67900242
1.72,2.13423,868.0
1.4069999999999998,0.813279,225.62
1.226,0.0435463,2.995629
0.62,0.0225817,1.57409027
1.04,0.051823699999999986,4.22538451
1.34,0.961227,297.3
1.59,0.440508,84.68798079999998
0.55,0.0794218,11.02347475
1.02,0.0473895,3.73089898
1.074,2.49004,1383.4
0.95,0.231343,41.69778270000001
0.74,0.0313094,2.3522658
0.97,0.295668,59.6225257
1.11,0.148265,19.79191978
0.95,0.054670800000000006,4.79028459
0.93,0.0543472,4.79859939
1.02,0.0318315,2.05387982
0.92,0.0916253,10.56134221
0.94,0.0233196,1.34155513
1.0,0.0681491,6.49801525
1.9,0.762504,176.3
1.62,0.0636824,4.6117093
1.23,0.0969435,9.94067247
1.1,0.113973,13.3997099
1.18,0.390903,82.177374
1.3,1.53703,610.0
1.35,0.531449,121.71
0.84,0.151882,23.58914398
0.85,2.28031,1362.3
0.91,0.08023430000000001,8.70181574
0.98,0.122141,15.74957994
0.93,0.223648,40.0587473
0.919,0.177066,28.38236
1.06,0.0469983,3.6146051
1.0,0.0634219,5.83376092
1.209,0.28053,49.3568
1.136,2.91927,1707.8812
1.166,0.055634800000000005,4.4379637
0.95,0.375175,86.1150888
0.84,0.552567,163.692349
1.2,0.088103,8.719375
1.022,0.0238229,1.3273469999999998
1.07,0.0431283,3.161575
0.8490000000000001,0.627426,197.0
1.099,0.0922129,9.75598
1.06,2.14768,1116.0
2.1,0.811148,184.02
0.986,1.13105,442.19
1.21,0.755004,217.8317626
1.2,0.0466301,3.352059
1.121,0.0339907,2.1605156
0.88,0.0504222,4.40840023
1.0,0.248169,45.1555023
1.027,0.049283,3.941534
0.984,0.0869107,9.4341505
0.79,0.150343,23.955378
2.4,3.36797,1455.0
1.15,0.388877,82.46700000000001
1.291,0.166175,21.77596
0.89,0.0869078,9.91935684
1.07,0.0438974,3.24755522
0.82,0.0730539,7.96431535
1.08,0.109963,12.8159
0.375,0.0716678,11.4433
0.912,0.345324,77.61184
0.97,0.0185737,0.93875077
1.02,0.131737,17.2923453
1.0,0.052241599999999985,4.36128348
0.93,0.035268199999999986,2.50856
1.07,0.0360472,2.41660118
0.79,0.121097,17.31716585
0.905,0.113377,14.651
0.0,0.0,51.16579
0.98,0.0509544,4.24374723
1.24,0.144301,17.97979059
1.18,0.0435619,3.05710069
0.82,0.600611,187.747029
0.8,0.165339,27.4536
1.02,0.170752,25.5169
1.4,0.0827067,7.340717999999999
0.93,0.033413099999999994,2.3114243
1.08,0.5751229999999999,153.22
0.94,0.569755,161.97
0.96,0.05734400000000001,5.118
1.01,0.053257500000000006,4.465633
0.85,0.120351,16.54080322
0.81,0.0652526,6.7645800000000005
1.296,0.042318199999999986,2.7908327
0.94,0.227343,40.83650120000001
0.98,0.12926,17.14647302
1.062,0.0372774,2.5495551
0.42,0.14338900000000002,30.59857452
0.78,0.0595534,6.01038429
1.24,0.145378,18.179001
0.99,0.060394,5.44832529
0.78,0.0205641,1.21956827
0.852,0.0468733,4.0144479
1.12,0.044951,3.2888
0.463,0.00482158,0.179715
0.97,0.0468593,3.76182115
1.06,0.269917,49.747
0.696,0.0348576,2.8492580000000003
0.91,0.0201315,1.09366356
0.13,0.027645,4.65627
1.03,0.126673,16.225464900000002
1.05,0.181954,27.665522600000006
0.99,0.435925,105.6551369
0.905,5.47467,4909.0
1.5,2.06593,885.0
1.22,0.0314948,1.846834
1.22,2.12913,1027.0
0.84,0.628803,198.7112502
0.99,0.0304915,1.95452434
0.907,0.0903808,10.4208
0.8,0.16941199999999998,28.474748
0.893,0.0245157,1.4822446000000002
0.98,0.12495,16.29595382
1.25,0.0946205,9.5085156
1.08,0.294564,56.1886887
1.13,0.0449621,3.27582262
1.13,5.1386400000000005,3999.0
0.95,0.0900599,10.12804789
1.11,0.0443634,3.23941344
1.014,0.646509,188.3
0.82,0.0927369,11.3910025
1.02,0.204258,33.3855938
1.28,0.103027,10.67607169
0.95,0.475522,122.8808058
1.0,0.352794,76.53695859999998
1.63,2.0552200000000003,840.0
1.031,3.737530000000001,2597.0
0.76,0.148956,24.0862707
0.76,0.0237986,1.53818844
1.02,0.12601500000000002,16.1779561
1.19,0.07893969999999999,7.42608998
1.4,0.0656375,5.19104016
1.18,0.32868800000000004,63.330002
0.52,0.0468266,5.13248562
0.87,0.05914460000000001,5.63252845
2.0,1.7133,578.6
0.6809999999999999,0.698075,258.14242533
1.19,0.262112,44.9309804
1.16,0.370933,76.613377
1.13,0.0283971,1.64422461
0.62,0.0279245,2.16457097
1.43,1.11751,359.51001
0.972,0.0447299,3.504725
0.99,0.487186,124.828679
0.93,0.0337968,2.35322
1.13,0.0231971,1.212884
1.33,0.192441,26.73
1.07,0.100207,11.20066445
0.55,0.14616600000000002,27.52197994
0.88,0.0402889,3.14866453
0.94,0.183527,29.619342100000004
0.89,0.126522,17.42395198
1.65,1.49788,521.0
0.63,0.06083690000000001,6.905
1.44,0.265793,41.7083629
0.97,0.33123400000000003,70.6979061
1.06,0.0435391,3.22296927
0.65,0.113189,17.25204
0.92,0.148827,21.8635301
0.94,0.119927,15.64591713
1.16,0.177259,25.30889748
0.64,0.104852,15.5012
1.01,0.0249783,1.43474156
0.35700000000000004,2.41241,2288.0
0.97,0.848513,289.8623
0.94,0.359829,81.3151059
0.99,0.170628,25.873148
1.079,0.0907017,9.605085
0.96,0.284051,56.4349938
1.15,0.340485,67.66882700000001
0.13,0.0150222,1.865169
0.95,1.98497,1046.2
1.04,0.0920746,10.00652995
0.87,0.626938,194.3
0.8,0.322307,74.72
1.49,0.0482761,3.1739171
0.88,0.0511944,4.51005748
1.16,0.0850402,8.4061
1.004,0.0265195,1.5732918
1.31,0.05938580000000001,4.6171362999999985
1.37,0.167568,21.4050484
1.15,0.113545,13.0313945
0.95,0.0415217,3.17060005
1.19,1.41366,562.0
0.789,0.0629202,6.4898
0.0,0.0,110.2869374
1.21,0.0346186,2.1375
1.48,0.0370185,2.13775
1.01,0.328074,68.27
1.24,0.062183400000000014,5.084298
0.8,0.212191,39.91488
1.079,1.39638,580.0
0.97,0.049588,4.09513932
0.88,0.121794,16.54964934
0.88,0.0890998,10.35533177
1.29,0.168494,22.2419092
1.11,0.148883,19.9157725
1.12,1.19049,448.303558
0.828,1.7453299999999998,923.8
0.18,0.044761,8.15275
1.01,0.149715,21.05358596
0.56,0.0213603,1.52372816
0.294,0.0299103,3.484552
0.95,0.225432,40.1099547
1.14,0.0483417,3.6313
1.41,0.124667,13.5396293
0.84,0.0285532,1.92279873
0.89,0.06737130000000001,6.77030201
1.03,0.0263938,1.5432066
1.04,0.217913,36.43334520000001
0.93,0.0485835,4.055259
1.07,1.82563,871.0
0.8,0.116059,16.1457
0.96,0.16576300000000002,25.15864
0.86,0.015239,0.74092842
0.88,0.448737,117.040498
0.32,0.208098,61.1166
0.96,0.237086,43.0342272
1.13,0.877542,282.4
1.0,0.189213,30.052
1.73,1.97816,772.0
1.027,0.0889028,9.55385
0.85,0.118109,16.08066115
1.04,0.09161339999999997,9.93143556
0.95,0.297893,60.92832271
0.58,0.0344696,3.0678504
1.63,1.29371,420.77
1.22,0.0247968,1.29123275
1.21,0.186405,26.723000000000006
0.94,0.0414509,3.17926292
1.66,2.71944,1270.0
0.8490000000000001,0.0781916,8.666999800000001
1.13,0.312713,60.08550820000001
1.213,0.0483278,3.52254
0.88,0.121899,16.57110363
0.93,0.120657,15.87364565
1.06,0.274894,51.1309704
0.8945780000000001,0.362932,83.9151
1.01,0.116085,14.37457351
0.942,0.21692600000000006,38.021
0.83,0.227878,43.6
1.46,0.0531529,3.70428172
1.02,0.0702913,6.73972381
1.07,0.270303,49.6221509
0.84,0.116915,15.9314739
0.85,0.0945351,11.51516988
1.01,0.528741,139.35
1.386,0.0606258,4.627669
1.15,0.0753112,7.03932553
1.21,0.11968800000000003,13.749
0.97,0.0603302,5.49548621
0.76,0.0366691,2.94194094
0.87,0.07692,8.35390639
0.72,0.0909691,11.8104
0.81,0.129582,18.93054959
0.93,0.0658558,6.40087618
0.92,0.989603,374.876239
2.1,0.8123520000000001,184.2
1.3,0.0546221,4.086052
1.05,0.0371348,2.5485799
1.01,0.0192274,0.96897238
1.027,0.150571,21.058000000000003
1.45,0.0809151,6.98152703
0.77,0.0396806,3.29011795
1.37,0.104248,10.503429400000002
1.82,2.1863900000000003,874.7739999999999
1.38,0.08213960000000001,7.31946363
2.6,1.45528,396.03
2.3,1.30798,359.89999
1.01,0.015144899999999998,0.67737516
0.86,0.0746773,8.03755877
0.73,0.0888549,11.32271513
1.24,0.0702714,6.11009134
1.07,0.268681,49.175
0.71,0.0470338,4.42157218
0.73,0.0712798,8.1352
0.91,0.0534149,4.72674
1.29,0.0532427,3.9501907
1.074,0.811776,255.87
1.01,0.0271923,1.6284229
0.81,0.00914662,0.35500744
0.29,0.0911013,18.64968369
0.97,0.028088400000000003,1.7429935
1.0,0.0769686,7.79430132
1.01,0.7243229999999999,223.3
0.79,0.08593619999999999,10.35239
1.54,0.25806,38.58422849
1.16,0.034546,2.176423
1.255,0.0436462,2.972086
0.95,2.72021,1680.3835
1.04,0.259379,47.31261920000001
0.45,0.16254200000000002,35.68
0.87,0.08557739999999997,9.803224
1.18,0.4871970000000001,114.34219
1.17,0.353488,70.9674603
1.11,0.0607809,5.19492202
0.95,0.381801,88.40655258
0.99,0.116158,14.53261362
1.57,2.00121,825.0
1.15,0.352599,71.312
1.62,1.09038,326.6
0.7559999999999999,0.036160000000000005,2.875317
0.8320000000000001,0.05664169999999999,5.39792
0.7,0.0976622,13.32388301
0.884,0.594654,178.1396
0.99,0.253589,46.8779367
0.76,0.0353774,2.78786839
1.0,0.0496334,4.0378962
1.31,0.055552300000000006,4.1780620000000015
1.05,0.282775,53.5991044
1.02,0.0509676,4.1591409
0.84,0.0122438,0.53991524
1.12,0.154139,20.8851
1.071,0.115423,13.83989
0.93,0.258472,49.7701438
1.047,0.195818,30.93
0.93,0.136873,19.17891293
1.236,0.0497734,3.646706
0.94,1.10806,439.3
0.82,0.106453,14.00947528
0.97,0.186659,29.90722674
1.038,0.135169,17.815815
0.81,0.044079,3.75574426
0.94,0.100833,12.06222443
1.374,0.0506416,3.54846
1.095,2.02175,1003.0
0.79,0.031864599999999986,2.33743801
1.16,0.15400899999999998,20.4966197
0.75,0.0768547,8.98597
0.84,0.152252,23.67517607
1.03,0.0304899,1.9153073
0.98,0.569779,158.68533080000003
1.1,0.149206,20.0711504
0.9,0.0906432,10.50682565
0.84,0.0194186,1.07839035
0.94,0.0448876,3.5827463
0.72,0.0334052,2.62811375
1.167,0.0295963,1.720861232
1.94,2.53363,1056.4
1.31,0.8304450000000001,241.33335
1.28,0.0225329,1.09142245
1.136,2.23538,1145.0
1.415,0.0611041,4.637038
1.18,0.046910400000000005,3.4158699999999995
1.23,2.54171,1333.0
1.81,1.4118,455.2
1.821,2.60478,1136.1
0.91,0.137663,19.55659418
0.961,0.232191,41.6855
1.06,0.0483406,3.7705521
1.18,0.12628699999999998,15.09
1.07,0.415174,94.44
1.74,2.06698,822.3
0.92,1.84741,956.0
0.905,0.237305,44.38
0.95,0.130519,17.6700642
0.83,0.17066900000000002,28.26731672
1.24,1.87545,842.2
0.98,0.318069,66.1849031
1.209,0.0485119,3.547851
0.92,0.0284473,1.8270823
1.08,0.047946800000000005,3.68992629
1.32,0.688457,181.4
0.92,0.433249,108.593329
1.04,0.0587592,5.10137945
0.51,0.0801169,11.59822172
0.95,0.315387,66.373379
0.75,0.122117,17.990999
1.17,0.110556,12.4127754
0.93,0.494507,131.05
0.83,0.07255,7.83442788
1.15,0.0541085,4.28686431
0.73,0.115577,16.79713874
0.738,0.102068,13.86375
1.093,0.0435518,3.1743516
1.08,0.112305,13.227452800000002
0.942,0.474527,123.01
0.97,0.026927,1.63865306
1.09,0.119635,14.476
0.33,0.060873,9.54927542
0.91,0.0230406,1.3382299
1.32,1.17816,406.2
1.12,0.148109,19.672266
1.642,0.0657911,4.8101025
0.79,0.199129,36.5156053
0.99,1.27266,526.62
1.07,0.042747900000000005,3.12082923
1.29,0.07028200000000001,5.991857235
0.7,0.0392074,3.3877300000000004
0.82,0.0493183,4.41769648
1.06,0.11898,14.5596237
1.09,0.0307775,1.88897906
1.04,0.678014,199.505
1.101,0.0449161,3.312846
0.168,0.0496746,9.8658
0.93,0.0780677,8.261439999999999
0.53,0.0639541,8.114379
1.02,0.0183692,0.90037648
0.81,0.0233115,1.4444538
1.15,0.0524304,4.08899022
0.8029999999999999,3.57648,2754.0
1.1,0.0607231,5.21104261
0.98,0.0243585,1.4013794
0.64,0.0885967,12.04
1.01,0.16583299999999998,24.54350418
1.05,0.0994127,11.1726994
0.81,0.146332,22.717
0.969,0.201945,33.6727
1.06,1.42271,602.0
0.99,0.294279,58.6017925
0.85,0.131197,18.82634264
0.75,0.261363,56.35418576
1.03,0.382908,85.273256
0.9,0.0484016,4.098503
1.24,0.0334746,2.0083900000000003
1.03,0.440295,105.144749
1.04,0.07181110000000003,6.89225223
1.0,0.23121,40.6069821
0.76,0.110433,15.37563332
0.96,0.266647,51.3285623
0.614,0.0394192,3.648083
1.19,0.131614,15.9870174
0.97,0.0502867,4.18200253
0.99,0.381935,86.647661
1.061,3.14259,1973.0
1.17,0.499878,119.29
0.967,0.0381546,2.766741
0.88,0.0807413,8.884924
0.93,0.0293274,1.90220856
0.219,0.0498583,8.68909
1.048,0.044362,3.3326870000000004
0.99,0.463098,115.6862258
1.38,1.35778,491.54
0.92,0.0315297,2.13194651
0.91,0.0444161,3.58410122
1.1,0.183622,27.402
1.115,0.135435,17.24
1.018,0.057138199999999986,4.942782
1.22,0.8949389999999999,279.8
0.89,0.078449,8.50699658
0.93,0.032467,2.21571036
0.81,0.101967,13.2140732
0.59,0.0797661,10.71252541
1.098,0.0617874,5.35227
0.9,0.455837,118.45
1.33,1.29111,464.3
1.08,0.12678399999999998,15.86621821
0.9,0.0303322,2.03387914
1.04,0.103167,11.8681707
0.99,0.0260305,1.54168
1.75,9.04,7482.0
0.8,0.013815,0.66308526
1.47,2.17458,964.6
0.97,0.134547,18.302724800000004
0.4,1.03037,603.95116
0.77,0.15417,25.1967
1.056,1.19018,461.2
0.7190000000000001,0.06968660000000003,7.919585
1.213,0.049881,3.6936411
0.94,0.0479144,3.95116882
1.28,0.0449613,3.076337
0.22,0.0159282,1.565409
1.31,0.977788,308.5471
1.18,0.0499436,3.7521
0.93,0.0464979,3.79701816
1.06,0.128581,16.3567
0.96,0.5726140000000001,161.5280101
1.0,0.65375,192.9
0.18,0.022904,2.984151
1.32,0.05524,4.1250828
1.19,0.034488,2.143634
0.83,0.128317,18.42794624
0.85,0.533637,154.378
1.277,0.0511881,3.743208
1.07,0.0390315,2.718661
1.33,0.0512842,3.67724
1.26,1.9793,905.574
0.961,0.465624,118.3807
0.92,0.32008200000000003,68.9584
1.04,0.0991034,11.17394617
0.51,0.0221208,1.68269615
0.98,0.0378236,2.71407755
1.31,3.5268900000000003,2111.0
0.7959999999999999,0.114217,15.76491
1.4,0.185532,24.66919569
1.02,0.0658388,6.10960324
1.14,0.0462418,3.40165668
1.122,0.757141,227.0
1.06,1.58126,705.0
1.181,0.0439208,3.092514
0.79,0.0181392,1.00393374
0.42,0.0820805,13.25319599
2.54,1.22755,311.6
1.09,0.11743900000000003,14.07971466
1.27,0.0161473,0.66502692
0.13,0.0155735,1.96876
0.99,0.545404,147.76916
2.03,1.31659,387.1
1.107,0.056145000000000014,4.617101
0.972,0.0752115,7.641589999999999
1.02,0.610956,172.7049784
0.574,0.0362414,3.3252725
0.93,0.103068,12.53248465
0.9,0.139053,19.96371318
0.887,0.0369523,2.7535953
0.9,0.169908,26.9644317
1.02,0.0412688,3.03195744
1.51,0.0379591,2.1974
1.06,0.0923527,9.95661537
1.11,0.0736811,6.93366476
0.88,0.06338250000000001,6.21229
0.92,0.0486188,4.08227507
0.59,0.03114,2.61302086
1.178,0.05753150000000001,4.641878
1.16,0.113375,12.9460978
0.77,0.032692900000000004,2.46050993
0.89,0.03437,2.46697439
0.99,0.16183499999999998,23.8990296
0.78,0.0462676,4.11584468
1.14,0.0901485,9.24285
1.31,1.34724,498.9
0.96,0.918027,327.8
0.63,0.0525035,5.53608151
1.07,0.0372128,2.53475627
1.28,0.06742189999999999,5.65179605
1.12,0.0645018,5.65377733
1.0,0.164368,24.3397804
0.77,0.0609548,6.26406846
1.0,3.81754,2720.0
0.8490000000000001,0.0401202,3.185315
0.8959999999999999,0.028034,1.8053564
1.04,0.0336339,2.20921951
1.87,0.214338,26.468000000000004
0.79,0.122745,17.671796
0.95,0.100137,11.87456832
0.64,0.055409900000000005,5.955
1.15,0.06880399999999999,6.146985099999998
0.146,0.08749370000000001,24.73712
0.87,0.272889,55.8226539
0.89,0.112106,14.53244172
0.29,0.0364676,4.72335022
1.0,0.053514,4.52158888
1.121,1.49006,626.516
0.86,0.0543959,4.99678284
1.1,0.120607,14.58649607
0.73,0.0437251,3.908632
0.81,0.167447,27.80756293
0.54,0.06768350000000001,8.7522
1.11,0.0749015,7.10664
0.78,0.037022,2.9444256
0.91,0.1083,13.64618192
2.04,1.17872,326.03
1.12,0.450064,103.95
0.84,0.6274890000000001,198.088774
1.08,0.0420644,3.03214559
1.08,0.328137,66.0634
1.05,0.0540966,4.48487493
1.09,0.0577982,4.86069
1.39,1.68144,675.47
2.13,0.826048,187.83
1.81,1.85343,684.7
0.82,0.12007,16.78176602
1.21,0.0433594,2.99793191
0.46,0.0557932,7.09714223
1.305,0.0303507,1.689868
2.08,1.7573900000000002,589.64001
1.02,0.0820733,8.50340718
1.12,0.136075,17.324
1.19,0.16630699999999998,22.70816791
1.19,0.0373628,2.41811321
1.234,0.0565986,4.4264
1.41,0.0648523,5.08005848
1.15,0.587421,153.34336399999995
1.04,0.0513318,4.1653651
0.87,0.0271336,1.7497798
0.69,0.0553247,5.72149
0.95,0.0839169,9.10967112
0.95,0.12255,16.07677615
0.99,0.0851117,9.1149903
0.75,0.078486,9.27358194
1.15,0.0415895,2.88879862
0.695,0.0373351,3.1606296
1.063,2.10149,1078.0
1.25,1.33364,501.75
1.08,0.220101,36.2919336
1.01,0.08901310000000001,9.65185017
1.06,0.239949,41.6979976
0.96,0.84075,287.3789490000001
0.95,0.0450195,3.57878087
0.99,0.0570893,5.00731778
1.21,0.0629198,5.24
1.12,0.105428,11.81399
0.62,0.22430100000000006,49.276764
0.92,0.018714,0.97486893
0.82,0.8975489999999999,342.85
1.11,0.0280141,1.6255222
1.02,0.0821049,8.508324400000001
0.89,0.191967,32.56370689999999
0.82,0.0563265,5.39202539
0.892,0.0294714,1.9550959
0.74,0.443519,125.41311770000002
1.24,0.774655,223.6
0.84,0.0136874,0.6381631999999999
0.83,0.0126273,0.56887443
0.89,0.119784,16.050621300000003
0.78,0.111331,15.36262753
0.0,0.0,3.88689525
0.73,0.0527894,5.18500207
0.99,0.189841,30.3506
0.58,0.319334,86.54
1.125,0.804743,248.4
0.81,0.0932443,11.55530021
1.8,2.09115,820.2
1.1,0.67057,191.2318
0.69,0.035686800000000005,2.96264
1.12,0.0159157,0.69297968
0.541,0.0356088,3.336649
0.84,0.0366898,2.798581
0.6,0.00867627,0.381078
1.06,0.0518657,4.19042557
0.93,0.0976404,11.55562343
0.67,0.0868408,11.41928253
1.15,0.447475,101.951829
0.89,0.143703,21.0907758
1.01,0.0826682,8.63847725
1.04,0.0776648,7.75192492
1.7,1.91985,744.5
1.02,0.08830239999999999,9.48961571
0.91,1.4211200000000002,647.3
1.285,0.163197,21.21663
0.87,0.523825,148.4603382
1.05,0.0918185,9.91723428
1.5,0.185991,23.921079100000004
0.8390000000000001,0.0410282,3.3098443
0.99,0.0190938,0.96852602
1.02,0.185365,28.86235584
0.942,0.0507459,4.3012190000000015
0.78,1.0872700000000002,465.1
1.277,2.34083,1157.0
0.902,0.1969,33.60134
0.95,0.0544938,4.76703963
0.89,0.06578049999999999,6.53192704
1.57,0.0457351,2.849375
0.7,0.122792,18.78425728
0.75,0.178579,31.8277111
1.44,1.23696,417.9
3.09,3.94973,1630.0
0.983,0.0355765,2.47063
0.85,0.107866,14.03491514
0.91,0.254302,49.1013514
0.95,0.5024390000000001,133.46052350000002
0.99,0.378116,85.35129427
0.87,0.0752791,8.088013499999999
1.25,1.05277,352.7
0.9,1.08513,433.7
0.87,0.0479747,4.113775
0.8,0.0165366,0.86838653
1.32,0.301404,52.50112900000001
1.03,0.07830930000000001,7.8866311
0.86,0.987284,386.370548
1.11,0.0492454,3.78858982
1.187,0.047858,3.509267
1.19,0.0790483,7.44142113
0.93,0.0445373,3.55987
1.28,0.0765701,6.8378503
1.2,0.0604573,4.954658
0.93,0.0402101,3.052404
0.92,0.0437823,3.48777
0.983,3.97285,2915.0369
1.22,1.22574,446.27
1.03,0.0642857,5.86601526
1.22,0.0699509,6.11786898
0.24,0.953099,692.0
1.15,0.0635655,5.45849832
0.97,0.363183,81.16942990000003
1.0,0.283337,55.01306999999999
0.951,0.0347371,2.4238039
1.08,0.123667,15.28469497
0.93,0.299693,62.1387714
0.8,0.48095,136.205626
1.3530000000000002,0.0254575,1.2749255
0.97,0.041787300000000006,3.16789194
1.078,0.0401409,2.828042
0.95,0.0253191,1.5089556999999998
1.1,0.0522124,4.15474
1.03,0.185207,28.6851324
0.68,0.055221300000000015,5.74772501
0.84,0.12272,17.13263989
0.31,0.0406125,5.36865
1.41,6.4593099999999986,5040.0
1.2990000000000002,0.047362,3.3023881
0.64,0.0992806,14.28226676
1.212,0.0395145,2.6054552
0.74,0.07066130000000001,7.975292
1.083,0.152077,20.8133
0.22,0.0247723,3.036179
0.87,0.113504,14.97435694
1.26,0.06332819999999999,5.1856142
0.75,0.043027,3.76419105
0.8059999999999999,0.0309953,2.21857567
2.08,1.45325,443.4
0.93,0.13358599999999998,18.49235668
0.93,0.07148310000000001,7.238585400000002
1.56,2.33538,1043.0
1.14,0.0625366,5.34982412
0.92,0.537936,150.242127
0.97,0.0339456,2.31942009
1.47,1.27206,431.8
0.9,2.93163,1928.0
0.42,0.361757,122.61917047
1.336,0.0480956,3.332609
1.09,0.0396104,2.75798267
1.1,0.0674482,6.10027804
1.02,0.12557,16.092
1.327,0.036575,2.216726
1.19,0.15495,20.42228798
0.86,0.192248,33.1995648
1.51,1.16471,373.3
1.02,0.0854327,9.03081
1.047,0.0785237,7.8543
0.344,0.0182725,1.53818001
1.054,0.807929,258.18
0.5720000000000001,0.5689390000000001,207.2482
0.78,0.0124913,0.57736958
1.1,0.0610151,5.24867263
1.037,4.83146,3805.6705
0.74,0.302019,70.459999
0.902,0.28010100000000004,57.011
0.87,0.039857800000000006,3.11602791
1.27,0.081813,7.5844125999999985
1.1,0.054326,4.40966548
1.1,3.17098,1951.0
0.34,0.16350599999999998,41.397
0.91,0.0562894,5.1134
0.413,0.165144,38.14
0.8,0.0673355,7.133521000000001
1.46,0.0329796,1.809886
1.0,0.0266925,1.592851
0.55,0.0598092,7.203794500000001
1.34,0.0551807,4.0872199999999985
0.86,0.24258,47.05690429999999
1.0,0.12601500000000002,16.33889626
0.87,0.0517914,4.61442
1.52,4.24519,2590.0
0.927,1.92274,1008.0
0.98,0.0338227,2.29503623
0.78,0.0835695,9.99113313
0.72,0.0777748,9.33646594
0.78,0.173489,29.88485741
0.82,0.243384,48.43089910000001
0.54,0.052043499999999986,5.9012400000000005
0.81,0.238093,47.14840805
1.078,0.951142,325.81
0.66,0.125924,20.09
0.97,0.0665428,6.36584161
1.09,0.052477,4.20474
0.73,0.0383737,3.2130598
0.56,0.0177185,1.15116651
1.01,0.498476,127.9075774
1.02,0.146844,20.3505213
1.364,5.3109,3827.0
0.907,0.105129,13.0729
0.53,0.0507499,5.73594
1.15,0.127856,15.5712
1.7180000000000002,1.2912,408.6
0.294,0.470207,217.186363
1.0,0.243344,43.8445
0.84,0.140655,21.02247699
1.28,0.206202,30.229104
1.635,0.0488209,3.0801716
1.19,0.113014,12.7204
1.21,0.0564501,4.45343281
1.05,0.18441,28.2274184
1.09,0.35920100000000005,75.29
1.47,0.0538776,3.7650007
0.78,0.0423228,3.60084276
1.09,0.263981,47.449955
0.42,0.19394,48.13439034
0.882,0.0229834,1.354133
1.365,1.30567,466.2
1.09,0.062026,5.4042722
0.825,0.0456587,3.922727
1.14,0.051351699999999986,3.9791
1.1,0.0807438,7.99019627
1.05,0.0726835,6.98471973
0.69,0.260405,58.43
1.15,0.21906,34.921
1.007,2.61147,1531.0
0.8740000000000001,0.335039,75.765
0.85,0.118345,16.1288853
0.95,0.139845,19.5974971
0.99,0.0369521,2.60754383
2.33,2.58655,993.3
0.51,0.08228289999999999,12.0717249
1.291,0.0677431,5.66793
0.93,0.0940811,10.9295461
1.05,0.0466872,3.59576964
1.0479,0.86856,288.822
0.97,0.0199578,1.04562266
1.11,0.736945,219.3217528
0.758,0.08138610000000003,9.740486
1.01,1.31895,550.0
1.1,0.538316,137.48
0.97,0.181507,28.6777
1.2,0.0385203,2.5199449
1.0,0.0508651,4.1877537
0.928,0.0388252,2.899703
0.9,0.213368,37.94563
1.25,0.0765054,6.913111200000001
1.51,0.0578859,4.13962966
1.18,0.0333991,2.0523499
0.94,0.08495269999999999,9.32807355
0.81,0.0557286,5.33905686
0.81,0.0142447,0.68996783
1.31,2.52452,1278.1218
0.99,0.0363405,2.54307286
0.8,0.0551367,5.28696
